{"run_number": "1736078944006415", "step_name": "analyze", "task_id": "6", "attempt_id": 0, "name": "top_words", "content_type": "gzip+pickle-v2", "type": "metaflow.artifact", "sha": "ba539736cd91ed1da842ec75cfd5589fa6fc1d8c", "ds_type": "local", "location": ":root:/mnt/c/Users/Teto/OneDrive/Documents/Tugas/IPSD/ChatWA/.metaflow", "flow_id": "ManyKmeansFlow", "user_name": "teto", "tags": [], "system_tags": ["metaflow_version:2.12.27", "runtime:dev", "python_version:3.12.7", "user:teto"], "ts_epoch": 1736078948751}