{"run_number": "1736078944006415", "step_name": "join", "task_id": "8", "attempt_id": 0, "name": "_transition", "content_type": "gzip+pickle-v2", "type": "metaflow.artifact", "sha": "25eac89cf872b285cbdab2cb3ee3f335c1f9b285", "ds_type": "local", "location": ":root:/mnt/c/Users/Teto/OneDrive/Documents/Tugas/IPSD/ChatWA/.metaflow", "flow_id": "ManyKmeansFlow", "user_name": "teto", "tags": [], "system_tags": ["python_version:3.12.7", "user:teto", "metaflow_version:2.12.27", "runtime:dev"], "ts_epoch": 1736078950171}