{"run_number": "1736078944006415", "step_name": "train_kmeans", "task_id": "3", "attempt_id": 0, "name": "kmeans_output", "content_type": "gzip+pickle-v2", "type": "metaflow.artifact", "sha": "73862b850c6d3504b8bd5ebc6f5d52e91ab0c42f", "ds_type": "local", "location": ":root:/mnt/c/Users/Teto/OneDrive/Documents/Tugas/IPSD/ChatWA/.metaflow", "flow_id": "ManyKmeansFlow", "user_name": "teto", "tags": [], "system_tags": ["python_version:3.12.7", "runtime:dev", "user:teto", "metaflow_version:2.12.27"], "ts_epoch": 1736078947372}