{"datastore": "local", "version": "1.0", "attempt": 0, "python_version": "3.12.7 | packaged by Anaconda, Inc. | (main, Oct  4 2024, 13:27:36) [GCC 11.2.0]", "objects": {"num_docs": "af8842693d56e9af745f17fb1698f7c96f6dd231", "name": "757b0dde590ac04f6c9d07ddd7fd0b64a63f9f92", "_transition": "f3627f46179fdd95bf0e83101840fd1d71b60e40", "_task_ok": "caa40ab420354941d2127f64360105b8548b8802", "_success": "caa40ab420354941d2127f64360105b8548b8802", "_graph_info": "4fc2f378e90f0286e006b2fff31d061a6446a953", "_foreach_stack": "4ca058df2ea422cca260c585409d6ac9face7ebe", "_foreach_var": "f3627f46179fdd95bf0e83101840fd1d71b60e40", "_foreach_num_splits": "f3627f46179fdd95bf0e83101840fd1d71b60e40", "_exception": "efbdf2a8e23902883192b84a83b9937e56c58d93", "_current_step": "01b168d0b2c70f906b295772af9efb98b0797cae"}, "info": {"num_docs": {"size": 5, "type": "<class 'int'>", "encoding": "gzip+pickle-v2"}, "name": {"size": 20, "type": "<class 'str'>", "encoding": "gzip+pickle-v2"}, "_transition": {"size": 4, "type": "<class 'NoneType'>", "encoding": "gzip+pickle-v2"}, "_task_ok": {"size": 4, "type": "<class 'bool'>", "encoding": "gzip+pickle-v2"}, "_success": {"size": 4, "type": "<class 'bool'>", "encoding": "gzip+pickle-v2"}, "_graph_info": {"size": 368, "type": "<class 'dict'>", "encoding": "gzip+pickle-v2"}, "_foreach_stack": {"size": 6, "type": "<class 'list'>", "encoding": "gzip+pickle-v2"}, "_foreach_var": {"size": 4, "type": "<class 'NoneType'>", "encoding": "gzip+pickle-v2"}, "_foreach_num_splits": {"size": 4, "type": "<class 'NoneType'>", "encoding": "gzip+pickle-v2"}, "_exception": {"size": 1576, "type": "<class 'metaflow.exception.MetaflowExceptionWrapper'>", "encoding": "gzip+pickle-v2"}, "_current_step": {"size": 15, "type": "<class 'str'>", "encoding": "gzip+pickle-v2"}}}