{"run_number": "1736078944006415", "step_name": "start", "task_id": "1", "attempt_id": 0, "name": "_graph_info", "content_type": "gzip+pickle-v2", "type": "metaflow.artifact", "sha": "3f7c3e05d2bbc4714111cf5e9f65a928f63a49ca", "ds_type": "local", "location": ":root:/mnt/c/Users/Teto/OneDrive/Documents/Tugas/IPSD/ChatWA/.metaflow", "flow_id": "ManyKmeansFlow", "user_name": "teto", "tags": [], "system_tags": ["metaflow_version:2.12.27", "user:teto", "python_version:3.12.7", "runtime:dev"], "ts_epoch": 1736078945644}