{"run_number": "1736078944006415", "step_name": "start", "task_id": "1", "attempt_id": 0, "name": "mtx", "content_type": "gzip+pickle-v2", "type": "metaflow.artifact", "sha": "c4aa437e18861d27d697c547a74fd8290df1f2a8", "ds_type": "local", "location": ":root:/mnt/c/Users/Teto/OneDrive/Documents/Tugas/IPSD/ChatWA/.metaflow", "flow_id": "ManyKmeansFlow", "user_name": "teto", "tags": [], "system_tags": ["metaflow_version:2.12.27", "user:teto", "python_version:3.12.7", "runtime:dev"], "ts_epoch": 1736078945644}