{"run_number": "1736078944006415", "step_name": "analyze", "task_id": "5", "attempt_id": 0, "name": "_exception", "content_type": "gzip+pickle-v2", "type": "metaflow.artifact", "sha": "f3627f46179fdd95bf0e83101840fd1d71b60e40", "ds_type": "local", "location": ":root:/mnt/c/Users/Teto/OneDrive/Documents/Tugas/IPSD/ChatWA/.metaflow", "flow_id": "ManyKmeansFlow", "user_name": "teto", "tags": [], "system_tags": ["metaflow_version:2.12.27", "runtime:dev", "python_version:3.12.7", "user:teto"], "ts_epoch": 1736078948510}