{"run_number": "1736076892351158", "step_name": "start", "task_id": "1", "attempt_id": 0, "name": "_transition", "content_type": "gzip+pickle-v2", "type": "metaflow.artifact", "sha": "f3627f46179fdd95bf0e83101840fd1d71b60e40", "ds_type": "local", "location": ":root:/mnt/c/Users/Teto/OneDrive/Documents/Tugas/IPSD/ChatWA/.metaflow", "flow_id": "KmeansFlow", "user_name": "teto", "tags": [], "system_tags": ["user:teto", "python_version:3.12.7", "runtime:dev", "metaflow_version:2.12.27"], "ts_epoch": 1736077236461}