{"datastore": "local", "version": "1.0", "attempt": 0, "python_version": "3.12.7 | packaged by Anaconda, Inc. | (main, Oct  4 2024, 13:27:36) [GCC 11.2.0]", "objects": {"num_docs": "af8842693d56e9af745f17fb1698f7c96f6dd231", "name": "742cdf30106ded89f51022a04840f39abd4e61ad", "_transition": "f3627f46179fdd95bf0e83101840fd1d71b60e40", "_task_ok": "caa40ab420354941d2127f64360105b8548b8802", "_success": "caa40ab420354941d2127f64360105b8548b8802", "_graph_info": "3f7c3e05d2bbc4714111cf5e9f65a928f63a49ca", "_foreach_stack": "4ca058df2ea422cca260c585409d6ac9face7ebe", "_foreach_var": "f3627f46179fdd95bf0e83101840fd1d71b60e40", "_foreach_num_splits": "f3627f46179fdd95bf0e83101840fd1d71b60e40", "_exception": "4fb63d6085267c182ecf8524434c4682c9adc9f0", "_current_step": "01b168d0b2c70f906b295772af9efb98b0797cae"}, "info": {"num_docs": {"size": 5, "type": "<class 'int'>", "encoding": "gzip+pickle-v2"}, "name": {"size": 24, "type": "<class 'str'>", "encoding": "gzip+pickle-v2"}, "_transition": {"size": 4, "type": "<class 'NoneType'>", "encoding": "gzip+pickle-v2"}, "_task_ok": {"size": 4, "type": "<class 'bool'>", "encoding": "gzip+pickle-v2"}, "_success": {"size": 4, "type": "<class 'bool'>", "encoding": "gzip+pickle-v2"}, "_graph_info": {"size": 798, "type": "<class 'dict'>", "encoding": "gzip+pickle-v2"}, "_foreach_stack": {"size": 6, "type": "<class 'list'>", "encoding": "gzip+pickle-v2"}, "_foreach_var": {"size": 4, "type": "<class 'NoneType'>", "encoding": "gzip+pickle-v2"}, "_foreach_num_splits": {"size": 4, "type": "<class 'NoneType'>", "encoding": "gzip+pickle-v2"}, "_exception": {"size": 1745, "type": "<class 'metaflow.exception.MetaflowExceptionWrapper'>", "encoding": "gzip+pickle-v2"}, "_current_step": {"size": 15, "type": "<class 'str'>", "encoding": "gzip+pickle-v2"}}}