{"run_number": "1736078944006415", "step_name": "train_kmeans", "task_id": "2", "attempt_id": 0, "name": "kmeans_output", "content_type": "gzip+pickle-v2", "type": "metaflow.artifact", "sha": "13a8bd2f5e93e11a9deff95bcb831bcec4afc082", "ds_type": "local", "location": ":root:/mnt/c/Users/Teto/OneDrive/Documents/Tugas/IPSD/ChatWA/.metaflow", "flow_id": "ManyKmeansFlow", "user_name": "teto", "tags": [], "system_tags": ["metaflow_version:2.12.27", "user:teto", "runtime:dev", "python_version:3.12.7"], "ts_epoch": 1736078947374}