{"datastore": "local", "version": "1.0", "attempt": 0, "python_version": "3.12.7 | packaged by Anaconda, Inc. | (main, Oct  4 2024, 13:27:36) [GCC 11.2.0]", "objects": {"num_docs": "7fd175e013a768de06fc555463cd79f64f0d6524", "_graph_info": "3f7c3e05d2bbc4714111cf5e9f65a928f63a49ca", "top": "e738202ab4cedbdb74da4545e4485ac6e204ac38", "name": "742cdf30106ded89f51022a04840f39abd4e61ad", "_transition": "f3627f46179fdd95bf0e83101840fd1d71b60e40", "_task_ok": "69e77141c3eb7a8c9ce864251d70c02723f29332", "_success": "69e77141c3eb7a8c9ce864251d70c02723f29332", "_foreach_var": "f3627f46179fdd95bf0e83101840fd1d71b60e40", "_foreach_stack": "4ca058df2ea422cca260c585409d6ac9face7ebe", "_foreach_num_splits": "f3627f46179fdd95bf0e83101840fd1d71b60e40", "_exception": "f3627f46179fdd95bf0e83101840fd1d71b60e40", "_current_step": "95a4ffc305971261da24197e27933ebcee5b661b"}, "info": {"num_docs": {"size": 6, "type": "<class 'int'>", "encoding": "gzip+pickle-v2"}, "_graph_info": {"size": 798, "type": "<class 'dict'>", "encoding": "gzip+pickle-v2"}, "top": {"size": 636, "type": "<class 'dict'>", "encoding": "gzip+pickle-v2"}, "name": {"size": 24, "type": "<class 'str'>", "encoding": "gzip+pickle-v2"}, "_transition": {"size": 4, "type": "<class 'NoneType'>", "encoding": "gzip+pickle-v2"}, "_task_ok": {"size": 4, "type": "<class 'bool'>", "encoding": "gzip+pickle-v2"}, "_success": {"size": 4, "type": "<class 'bool'>", "encoding": "gzip+pickle-v2"}, "_foreach_var": {"size": 4, "type": "<class 'NoneType'>", "encoding": "gzip+pickle-v2"}, "_foreach_stack": {"size": 6, "type": "<class 'list'>", "encoding": "gzip+pickle-v2"}, "_foreach_num_splits": {"size": 4, "type": "<class 'NoneType'>", "encoding": "gzip+pickle-v2"}, "_exception": {"size": 4, "type": "<class 'NoneType'>", "encoding": "gzip+pickle-v2"}, "_current_step": {"size": 13, "type": "<class 'str'>", "encoding": "gzip+pickle-v2"}}}