{"datastore": "local", "version": "1.0", "attempt": 0, "python_version": "3.12.7 | packaged by Anaconda, Inc. | (main, Oct  4 2024, 13:27:36) [GCC 11.2.0]", "objects": {"num_docs": "af8842693d56e9af745f17fb1698f7c96f6dd231", "name": "757b0dde590ac04f6c9d07ddd7fd0b64a63f9f92", "_transition": "f3627f46179fdd95bf0e83101840fd1d71b60e40", "_task_ok": "69e77141c3eb7a8c9ce864251d70c02723f29332", "_success": "69e77141c3eb7a8c9ce864251d70c02723f29332", "_graph_info": "4fc2f378e90f0286e006b2fff31d061a6446a953", "_foreach_stack": "4ca058df2ea422cca260c585409d6ac9face7ebe"}, "info": {"num_docs": {"size": 5, "type": "<class 'int'>", "encoding": "gzip+pickle-v2"}, "name": {"size": 20, "type": "<class 'str'>", "encoding": "gzip+pickle-v2"}, "_transition": {"size": 4, "type": "<class 'NoneType'>", "encoding": "gzip+pickle-v2"}, "_task_ok": {"size": 4, "type": "<class 'bool'>", "encoding": "gzip+pickle-v2"}, "_success": {"size": 4, "type": "<class 'bool'>", "encoding": "gzip+pickle-v2"}, "_graph_info": {"size": 368, "type": "<class 'dict'>", "encoding": "gzip+pickle-v2"}, "_foreach_stack": {"size": 6, "type": "<class 'list'>", "encoding": "gzip+pickle-v2"}}}