{"run_number": "1736078944006415", "step_name": "analyze", "task_id": "5", "attempt_id": 0, "name": "_foreach_stack", "content_type": "gzip+pickle-v2", "type": "metaflow.artifact", "sha": "8d2b6e16a44b28ada810c0ef162cfcf2f79a09f1", "ds_type": "local", "location": ":root:/mnt/c/Users/Teto/OneDrive/Documents/Tugas/IPSD/ChatWA/.metaflow", "flow_id": "ManyKmeansFlow", "user_name": "teto", "tags": [], "system_tags": ["metaflow_version:2.12.27", "runtime:dev", "python_version:3.12.7", "user:teto"], "ts_epoch": 1736078948510}