{"datastore": "local", "version": "1.0", "attempt": 0, "python_version": "3.12.7 | packaged by Anaconda, Inc. | (main, Oct  4 2024, 13:27:36) [GCC 11.2.0]", "objects": {"num_docs": "7fd175e013a768de06fc555463cd79f64f0d6524", "name": "742cdf30106ded89f51022a04840f39abd4e61ad", "_transition": "e13e1cbdc10bf5129d305ffce8b5a4343c73d909", "_task_ok": "69e77141c3eb7a8c9ce864251d70c02723f29332", "_success": "69e77141c3eb7a8c9ce864251d70c02723f29332", "_graph_info": "3f7c3e05d2bbc4714111cf5e9f65a928f63a49ca", "_foreach_stack": "953b58478419ce4338b4883c07b641308b92c398", "mtx": "c4aa437e18861d27d697c547a74fd8290df1f2a8", "k_params": "4a0eddfbbddaf36b8b81674fa357a8554a5e627f", "cols": "c1085461a89ad7826224b59bbabf2a7cd51107fc", "_foreach_var": "f3627f46179fdd95bf0e83101840fd1d71b60e40", "_foreach_values": "f3627f46179fdd95bf0e83101840fd1d71b60e40", "_foreach_num_splits": "f3627f46179fdd95bf0e83101840fd1d71b60e40", "_exception": "f3627f46179fdd95bf0e83101840fd1d71b60e40", "_current_step": "e42cfb364c698c248826ca1a620ec62cfc6a5eae", "kmeans_output": "4e18106b2839b6142fe76ec1c11b2d87d42a3e9e", "k": "81c437e75596b0212ffa5bf4d5ca6f63abd05083"}, "info": {"num_docs": {"size": 6, "type": "<class 'int'>", "encoding": "gzip+pickle-v2"}, "name": {"size": 24, "type": "<class 'str'>", "encoding": "gzip+pickle-v2"}, "_transition": {"size": 25, "type": "<class 'tuple'>", "encoding": "gzip+pickle-v2"}, "_task_ok": {"size": 4, "type": "<class 'bool'>", "encoding": "gzip+pickle-v2"}, "_success": {"size": 4, "type": "<class 'bool'>", "encoding": "gzip+pickle-v2"}, "_graph_info": {"size": 798, "type": "<class 'dict'>", "encoding": "gzip+pickle-v2"}, "_foreach_stack": {"size": 78, "type": "<class 'list'>", "encoding": "gzip+pickle-v2"}, "mtx": {"size": 76027, "type": "<class 'scipy.sparse._csr.csr_matrix'>", "encoding": "gzip+pickle-v2"}, "k_params": {"size": 14, "type": "<class 'list'>", "encoding": "gzip+pickle-v2"}, "cols": {"size": 12281, "type": "<class 'numpy.ndarray'>", "encoding": "gzip+pickle-v2"}, "_foreach_var": {"size": 4, "type": "<class 'NoneType'>", "encoding": "gzip+pickle-v2"}, "_foreach_values": {"size": 4, "type": "<class 'NoneType'>", "encoding": "gzip+pickle-v2"}, "_foreach_num_splits": {"size": 4, "type": "<class 'NoneType'>", "encoding": "gzip+pickle-v2"}, "_exception": {"size": 4, "type": "<class 'NoneType'>", "encoding": "gzip+pickle-v2"}, "_current_step": {"size": 22, "type": "<class 'str'>", "encoding": "gzip+pickle-v2"}, "kmeans_output": {"size": 4207, "type": "<class 'numpy.ndarray'>", "encoding": "gzip+pickle-v2"}, "k": {"size": 5, "type": "<class 'int'>", "encoding": "gzip+pickle-v2"}}}