{"run_number": "1736076892351158", "step_name": "_parameters", "task_id": "0", "attempt_id": 0, "name": "num_docs", "content_type": "gzip+pickle-v2", "type": "metaflow.artifact", "sha": "af8842693d56e9af745f17fb1698f7c96f6dd231", "ds_type": "local", "location": ":root:/mnt/c/Users/Teto/OneDrive/Documents/Tugas/IPSD/ChatWA/.metaflow", "flow_id": "KmeansFlow", "user_name": "teto", "tags": [], "system_tags": ["user:teto", "metaflow_version:2.12.27", "runtime:dev", "python_version:3.12.7"], "ts_epoch": 1736076892584}