{"run_number": "1736078944006415", "step_name": "analyze", "task_id": "7", "attempt_id": 0, "name": "k", "content_type": "gzip+pickle-v2", "type": "metaflow.artifact", "sha": "81c437e75596b0212ffa5bf4d5ca6f63abd05083", "ds_type": "local", "location": ":root:/mnt/c/Users/Teto/OneDrive/Documents/Tugas/IPSD/ChatWA/.metaflow", "flow_id": "ManyKmeansFlow", "user_name": "teto", "tags": [], "system_tags": ["user:teto", "runtime:dev", "python_version:3.12.7", "metaflow_version:2.12.27"], "ts_epoch": 1736078948839}