{"run_number": "1736076892351158", "step_name": "start", "task_id": "1", "attempt_id": 0, "name": "_exception", "content_type": "gzip+pickle-v2", "type": "metaflow.artifact", "sha": "efbdf2a8e23902883192b84a83b9937e56c58d93", "ds_type": "local", "location": ":root:/mnt/c/Users/Teto/OneDrive/Documents/Tugas/IPSD/ChatWA/.metaflow", "flow_id": "KmeansFlow", "user_name": "teto", "tags": [], "system_tags": ["user:teto", "python_version:3.12.7", "runtime:dev", "metaflow_version:2.12.27"], "ts_epoch": 1736077236461}