{"run_number": "1736076892351158", "step_name": "start", "task_id": "1", "attempt_id": 0, "name": "_graph_info", "content_type": "gzip+pickle-v2", "type": "metaflow.artifact", "sha": "4fc2f378e90f0286e006b2fff31d061a6446a953", "ds_type": "local", "location": ":root:/mnt/c/Users/Teto/OneDrive/Documents/Tugas/IPSD/ChatWA/.metaflow", "flow_id": "KmeansFlow", "user_name": "teto", "tags": [], "system_tags": ["user:teto", "python_version:3.12.7", "runtime:dev", "metaflow_version:2.12.27"], "ts_epoch": 1736077236461}